{"train_losses": {"seg": 1.4970098733901978, "dep": 0.310896098613739, "nor": 1.127445936203003}, "train_seg_metrics": {"seg_mIoU": 0.7956076264381409}, "train_dep_metrics": {"dep_aE": 0.310896098613739, "dep_rE": 0.6771205067634583}, "train_nor_metrics": {"nor_mE": 97.26158142089844, "nor_mdnE": 104.98493957519531, "nor_<12,5": 0.04896701388888889, "nor_<22,5": 0.08574652777777778, "nor_<30": 0.0966232638888889}, "_timestamp": 1680200867.3621218, "test_losses": {"seg": 1.6320037588630756, "dep": 0.9555046893886684, "nor": 0.7507713281002242}, "test_metrics": {"test_seg": [0.08759805560112, 0.7241095304489136], "test_dep": [0.9555019438151442, 1.342940767642633], "test_nor": [70.57115173339844, 72.34024047851562, 0.10936197887254137, 0.21142547680584306, 0.2571058405209763]}, "_runtime": 829.2467589378357, "_step": 33, "_wandb": {"runtime": 838}}