{"my_metric": [2.650423288345337, 0.8828121423721313, 1.166098952293396], "_timestamp": 1680178201.7865288, "_runtime": 11.092014789581299, "_step": 2, "_wandb": {"runtime": 11}}