{"train_loss": {"segmentation": 0.9634897112846375, "depth": 0.37764787673950195, "normal": 0.9579542279243469}, "_timestamp": 1680185079.2865825, "_runtime": 78.07835245132446, "_step": 43, "_wandb": {"runtime": 77}}