{"train_losses": {"seg": 2.699810028076172, "dep": 0.8824417591094971, "nor": 1.1327375173568726}, "train_metrics": {"train_seg": [0.04025790095329285, 0.4967057406902313], "train_dep": [0.8824417591094971, 1.3233765363693237], "train_nor": [99.15814971923828, 96.82162475585938, 0.0006358506944444444, 0.002816840277777778, 0.005679253472222222]}, "_timestamp": 1680196342.3183103, "_runtime": 174.84879422187805, "_step": 2, "_wandb": {"runtime": 493}}