{"train_losses": {"seg": 3.053724527359009, "dep": 0.7142917513847351, "nor": 1.0341192483901978}, "train_metrics": {"seg_mIoU": 0.005136266816407442}, "_timestamp": 1680199308.14015, "_runtime": 58.13248109817505, "_step": 0, "_wandb": {"runtime": 236}}