{"train_losses": {"seg": 2.5764389038085938, "dep": 0.8043825030326843, "nor": 1.2712219953536987}, "train_seg_metrics": {"seg_mIoU": 0.5086805820465088}, "train_dep_metrics": {"dep_aE": 0.8043825030326843, "dep_rE": 1.68257737159729}, "train_nor_metrics": {"nor_mE": 110.17253875732422, "nor_mdnE": 121.01370239257812, "nor_<12,5": 0.003090304603338571, "nor_<22,5": 0.012231008949730466, "nor_<30": 0.0271530134810198}, "_timestamp": 1680201419.0656404, "test_losses": {"seg": 3.034431095221608, "dep": 0.9046648635077722, "nor": 0.3819077802687576}, "test_metrics": {"test_seg": [0.045370373874902725, 0.47356343269348145], "test_dep": [0.9046622681541473, 1.006139124877078], "test_nor": [48.438018798828125, 42.3890266418457, 0.015648362405196303, 0.08450052693530995, 0.20201707092127924]}, "_runtime": 122.14716649055481, "_step": 5, "_wandb": {"runtime": 125}}