{"train_losses": {"seg": 3.004431962966919, "dep": 0.6726155281066895, "nor": 1.1191861629486084}, "train_seg_metrics": {"seg_mIoU": 0.14006076753139496}, "train_dep_metrics": {"dep_aE": 0.6726155281066895, "dep_rE": 16.019912719726562}, "train_nor_metrics": {"nor_mE": 97.83207702636719, "nor_mdnE": 97.78837585449219, "nor_<12,5": 0.0006944444444444445, "nor_<22,5": 0.0030642361111111113, "nor_<30": 0.0065451388888888885}, "_timestamp": 1680201275.5484269, "test_losses": {"seg": 3.1469014777350672, "dep": 0.9287230507614687, "nor": 0.7194092027919808}, "test_metrics": {"test_seg": [0.0014793475857004523, 0.0026964133139699697], "test_dep": [0.9287202544473072, 1.0314924302828554], "test_nor": [71.96728515625, 65.57823181152344, 0.005306905675268163, 0.026628212924465374, 0.05530535023254137]}, "_runtime": 30.257860898971558, "_step": 1, "_wandb": {"runtime": 39}}