{"my_metric": [3.0580191612243652, 0.724800705909729, 0.9601110816001892], "_timestamp": 1680178144.7543824, "_runtime": 9.430524349212646, "_step": 0, "_wandb": {"runtime": 9}}