{"train_loss": {"segmentation": 0.5310500264167786, "depth": 0.11483080685138702, "normal": 0.8953579664230347}, "_timestamp": 1680186555.65787, "_runtime": 1001.1544811725616, "_step": 544}